Time period and codes,"Housing, water, electricity, gas and other fuel",Actual rentals for housing,Actual rentals paid by tenants,Other actual rentals,Imputed rentals for housing,Imputed rentals for owner-occupiers,Other imputed rentals,Maintenance and repair of the dwelling,Materials,Services,Water and miscellaneous services,Water supply,Refuse collection,Sewerage collection,"Other services
[note 6]","Electricity, gas and other fuels",Electricity,Gas,Liquid fuels,Solid fuels,"Heat energy
[note 6]",,,,,,,,,,,,,,,,,,,,,,,,,,,,,,,,,,,,,,,,,,,,,
COICOP identifier code,04,04.1,04.1.1,04.1.2,04.2,04.2.1,04.2.2,04.3,04.3.1,04.3.2,04.4,04.4.1,04.4.2,04.4.3,04.4.4,04.5,04.5.1,04.5.2,04.5.3,04.5.4,04.5.5,,,,,,,,,,,,,,,,,,,,,,,,,,,,,,,,,,,,,,,,,,,,,
CDID identifier code,ADFS,ADFT,ADUX,ADUY,ADFU,CDDF,ADVB,ADFV,ATKH,AWTY,ADFW,ADVE,UUOX,ADVG,UUOY,ADFX,CDDL,ADVI,ADVJ,ADVK,ADVL,,,,,,,,,,,,,,,,,,,,,,,,,,,,,,,,,,,,,,,,,,,,,
1997 Q1,"41,064","5,917","5,899",18,"28,605","27,678",927,308,126,182,"1,200",595,19,586, [x] ,"5,034","2,322","2,352",192,168, [x] ,,,,,,,,,,,,,,,,,,,,,,,,,,,,,,,,,,,,,,,,,,,,,
1997 Q2,"39,496","6,023","6,004",19,"28,878","27,936",942,317,143,174,"1,260",622,19,619, [x] ,"3,018","1,702","1,081",96,139, [x] ,,,,,,,,,,,,,,,,,,,,,,,,,,,,,,,,,,,,,,,,,,,,,
1997 Q3,"39,264","6,053","6,033",20,"29,072","28,113",959,300,138,162,"1,271",630,20,621, [x] ,"2,568","1,620",728,84,136, [x] ,,,,,,,,,,,,,,,,,,,,,,,,,,,,,,,,,,,,,,,,,,,,,
1997 Q4,"41,305","6,072","6,052",20,"29,230","28,255",975,307,146,161,"1,280",637,20,623, [x] ,"4,416","2,169","1,925",149,173, [x] ,,,,,,,,,,,,,,,,,,,,,,,,,,,,,,,,,,,,,,,,,,,,,
1998 Q1,"41,993","6,350","6,329",21,"29,489","28,505",984,324,152,172,"1,286",641,20,625, [x] ,"4,544","2,161","2,095",141,147, [x] ,,,,,,,,,,,,,,,,,,,,,,,,,,,,,,,,,,,,,,,,,,,,,
1998 Q2,"40,967","6,450","6,429",21,"29,751","28,760",991,313,177,136,"1,355",671,21,663, [x] ,"3,098","1,672","1,198",88,140, [x] ,,,,,,,,,,,,,,,,,,,,,,,,,,,,,,,,,,,,,,,,,,,,,
1998 Q3,"40,684","6,499","6,478",21,"30,060","29,055","1,005",286,166,120,"1,336",666,20,650, [x] ,"2,503","1,586",713,76,128, [x] ,,,,,,,,,,,,,,,,,,,,,,,,,,,,,,,,,,,,,,,,,,,,,
1998 Q4,"42,999","6,579","6,557",22,"30,580","29,557","1,023",298,157,141,"1,313",660,19,634, [x] ,"4,229","2,141","1,789",119,180, [x] ,,,,,,,,,,,,,,,,,,,,,,,,,,,,,,,,,,,,,,,,,,,,,
1999 Q1,"43,524","6,489","6,467",22,"30,896","29,838","1,058",326,158,168,"1,270",646,19,605, [x] ,"4,543","2,106","2,141",127,169, [x] ,,,,,,,,,,,,,,,,,,,,,,,,,,,,,,,,,,,,,,,,,,,,,
1999 Q2,"42,428","6,464","6,441",23,"31,478","30,394","1,084",312,172,140,"1,290",659,17,614, [x] ,"2,884","1,604","1,067",79,134, [x] ,,,,,,,,,,,,,,,,,,,,,,,,,,,,,,,,,,,,,,,,,,,,,
1999 Q3,"42,390","6,537","6,513",24,"31,909","30,801","1,108",325,161,164,"1,281",652,16,613, [x] ,"2,338","1,566",583,67,122, [x] ,,,,,,,,,,,,,,,,,,,,,,,,,,,,,,,,,,,,,,,,,,,,,
1999 Q4,"44,678","6,644","6,620",24,"32,241","31,122","1,119",331,161,170,"1,304",656,17,631, [x] ,"4,158","2,052","1,829",137,140, [x] ,,,,,,,,,,,,,,,,,,,,,,,,,,,,,,,,,,,,,,,,,,,,,
2000 Q1,"45,619","6,730","6,706",24,"32,353","31,223","1,130",339,165,174,"1,345",644,16,685, [x] ,"4,852","2,198","2,343",184,127, [x] ,,,,,,,,,,,,,,,,,,,,,,,,,,,,,,,,,,,,,,,,,,,,,
2000 Q2,"43,967","6,894","6,870",24,"32,371","31,243","1,128",365,192,173,"1,233",608,18,607, [x] ,"3,104","1,668","1,197",127,112, [x] ,,,,,,,,,,,,,,,,,,,,,,,,,,,,,,,,,,,,,,,,,,,,,
2000 Q3,"43,632","6,987","6,964",23,"32,601","31,475","1,126",334,177,157,"1,242",606,21,615, [x] ,"2,468","1,579",656,129,104, [x] ,,,,,,,,,,,,,,,,,,,,,,,,,,,,,,,,,,,,,,,,,,,,,
2000 Q4,"46,084","7,013","6,990",23,"32,999","31,874","1,125",384,178,206,"1,243",601,27,615, [x] ,"4,445","2,071","1,995",234,145, [x] ,,,,,,,,,,,,,,,,,,,,,,,,,,,,,,,,,,,,,,,,,,,,,
2001 Q1,"47,031","7,042","7,019",23,"33,472","32,332","1,140",389,183,206,"1,246",604,34,608, [x] ,"4,882","2,111","2,382",218,171, [x] ,,,,,,,,,,,,,,,,,,,,,,,,,,,,,,,,,,,,,,,,,,,,,
2001 Q2,"45,630","6,997","6,974",23,"33,856","32,699","1,157",420,221,199,"1,299",626,37,636, [x] ,"3,058","1,596","1,199",120,143, [x] ,,,,,,,,,,,,,,,,,,,,,,,,,,,,,,,,,,,,,,,,,,,,,
2001 Q3,"45,404","7,083","7,060",23,"34,115","32,940","1,175",415,202,213,"1,297",631,30,636, [x] ,"2,494","1,572",660,129,133, [x] ,,,,,,,,,,,,,,,,,,,,,,,,,,,,,,,,,,,,,,,,,,,,,
2001 Q4,"47,624","7,176","7,152",24,"34,493","33,299","1,194",430,202,228,"1,306",641,24,641, [x] ,"4,219","2,014","1,908",136,161, [x] ,,,,,,,,,,,,,,,,,,,,,,,,,,,,,,,,,,,,,,,,,,,,,
2002 Q1,"48,449","7,318","7,293",25,"34,591","33,374","1,217",452,201,251,"1,354",653,47,654, [x] ,"4,734","2,148","2,262",187,137, [x] ,,,,,,,,,,,,,,,,,,,,,,,,,,,,,,,,,,,,,,,,,,,,,
2002 Q2,"47,019","7,583","7,558",25,"34,522","33,289","1,233",439,217,222,"1,398",672,51,675, [x] ,"3,077","1,719","1,147",99,112, [x] ,,,,,,,,,,,,,,,,,,,,,,,,,,,,,,,,,,,,,,,,,,,,,
2002 Q3,"46,844","7,854","7,828",26,"34,636","33,386","1,250",429,200,229,"1,409",686,47,676, [x] ,"2,516","1,684",628,107,97, [x] ,,,,,,,,,,,,,,,,,,,,,,,,,,,,,,,,,,,,,,,,,,,,,
2002 Q4,"49,472","8,121","8,095",26,"35,061","33,789","1,272",415,186,229,"1,417",702,40,675, [x] ,"4,458","2,150","1,977",177,154, [x] ,,,,,,,,,,,,,,,,,,,,,,,,,,,,,,,,,,,,,,,,,,,,,
2003 Q1,"50,030","8,280","8,253",27,"35,020","33,719","1,301",399,177,222,"1,431",719,53,659, [x] ,"4,900","2,126","2,413",254,107, [x] ,,,,,,,,,,,,,,,,,,,,,,,,,,,,,,,,,,,,,,,,,,,,,
2003 Q2,"48,446","8,192","8,165",27,"35,403","34,084","1,319",427,204,223,"1,499",756,54,689, [x] ,"2,925","1,648","1,083",108,86, [x] ,,,,,,,,,,,,,,,,,,,,,,,,,,,,,,,,,,,,,,,,,,,,,
2003 Q3,"48,442","8,208","8,180",28,"35,894","34,561","1,333",423,187,236,"1,488",751,47,690, [x] ,"2,429","1,590",674,98,67, [x] ,,,,,,,,,,,,,,,,,,,,,,,,,,,,,,,,,,,,,,,,,,,,,
2003 Q4,"50,998","8,203","8,176",27,"36,278","34,938","1,340",451,188,263,"1,467",743,31,693, [x] ,"4,599","2,251","2,023",212,113, [x] ,,,,,,,,,,,,,,,,,,,,,,,,,,,,,,,,,,,,,,,,,,,,,
2004 Q1,"52,267","8,376","8,348",28,"36,444","35,100","1,344",500,219,281,"1,466",730,28,708, [x] ,"5,481","2,443","2,722",222,94, [x] ,,,,,,,,,,,,,,,,,,,,,,,,,,,,,,,,,,,,,,,,,,,,,
2004 Q2,"50,705","8,377","8,350",27,"36,621","35,274","1,347",569,270,299,"1,541",761,38,742, [x] ,"3,597","2,042","1,355",130,70, [x] ,,,,,,,,,,,,,,,,,,,,,,,,,,,,,,,,,,,,,,,,,,,,,
2004 Q3,"50,469","8,510","8,483",27,"36,887","35,533","1,354",571,252,319,"1,541",758,47,736, [x] ,"2,960","1,922",834,142,62, [x] ,,,,,,,,,,,,,,,,,,,,,,,,,,,,,,,,,,,,,,,,,,,,,
2004 Q4,"53,847","8,718","8,691",27,"37,275","35,912","1,363",603,247,356,"1,542",759,47,736, [x] ,"5,709","2,730","2,562",311,106, [x] ,,,,,,,,,,,,,,,,,,,,,,,,,,,,,,,,,,,,,,,,,,,,,
2005 Q1,"54,821","8,948","8,921",27,"37,673","36,272","1,401",609,221,388,"1,539",763,40,736, [x] ,"6,052","2,691","3,026",258,77, [x] ,,,,,,,,,,,,,,,,,,,,,,,,,,,,,,,,,,,,,,,,,,,,,
2005 Q2,"53,511","9,232","9,205",27,"38,095","36,678","1,417",636,243,393,"1,722",873,41,808, [x] ,"3,826","2,148","1,456",165,57, [x] ,,,,,,,,,,,,,,,,,,,,,,,,,,,,,,,,,,,,,,,,,,,,,
2005 Q3,"53,409","9,505","9,478",27,"38,397","36,973","1,424",647,225,422,"1,722",872,33,817, [x] ,"3,138","2,127",790,161,60, [x] ,,,,,,,,,,,,,,,,,,,,,,,,,,,,,,,,,,,,,,,,,,,,,
2005 Q4,"56,705","9,731","9,704",27,"38,505","37,080","1,425",644,217,427,"1,718",868,25,825, [x] ,"6,107","3,063","2,733",239,72, [x] ,,,,,,,,,,,,,,,,,,,,,,,,,,,,,,,,,,,,,,,,,,,,,
2006 Q1,"58,035","9,988","9,961",27,"38,807","37,404","1,403",581,192,389,"1,713",869,28,816, [x] ,"6,946","3,309","3,212",351,74, [x] ,,,,,,,,,,,,,,,,,,,,,,,,,,,,,,,,,,,,,,,,,,,,,
2006 Q2,"56,527","10,266","10,238",28,"39,118","37,712","1,406",602,214,388,"1,802",909,39,854, [x] ,"4,739","2,813","1,624",249,53, [x] ,,,,,,,,,,,,,,,,,,,,,,,,,,,,,,,,,,,,,,,,,,,,,
2006 Q3,"56,678","10,490","10,461",29,"39,488","38,063","1,425",703,229,474,"1,798",898,56,844, [x] ,"4,199","2,734","1,225",185,55, [x] ,,,,,,,,,,,,,,,,,,,,,,,,,,,,,,,,,,,,,,,,,,,,,
2006 Q4,"60,456","10,739","10,709",30,"39,679","38,229","1,450",727,240,487,"1,782",888,62,832, [x] ,"7,529","3,570","3,592",296,71, [x] ,,,,,,,,,,,,,,,,,,,,,,,,,,,,,,,,,,,,,,,,,,,,,
2007 Q1,"61,394","10,936","10,904",32,"40,097","38,594","1,503",784,253,531,"1,789",900,58,831, [x] ,"7,788","3,534","3,874",310,70, [x] ,,,,,,,,,,,,,,,,,,,,,,,,,,,,,,,,,,,,,,,,,,,,,
2007 Q2,"58,552","11,216","11,184",32,"40,313","38,792","1,521",744,267,477,"1,893",966,43,884, [x] ,"4,386","2,568","1,577",183,58, [x] ,,,,,,,,,,,,,,,,,,,,,,,,,,,,,,,,,,,,,,,,,,,,,
2007 Q3,"58,742","11,522","11,491",31,"40,538","39,027","1,511",714,216,498,"1,882",965,32,885, [x] ,"4,086","2,615","1,241",171,59, [x] ,,,,,,,,,,,,,,,,,,,,,,,,,,,,,,,,,,,,,,,,,,,,,
2007 Q4,"62,627","11,779","11,749",30,"40,717","39,234","1,483",440,131,309,"1,883",971,29,883, [x] ,"7,808","3,115","4,187",424,82, [x] ,,,,,,,,,,,,,,,,,,,,,,,,,,,,,,,,,,,,,,,,,,,,,
2008 Q1,"63,935","12,114","12,084",30,"41,190","39,686","1,504",564,165,399,"1,827",949,35,843, [x] ,"8,240","3,706","3,971",485,78, [x] ,,,,,,,,,,,,,,,,,,,,,,,,,,,,,,,,,,,,,,,,,,,,,
2008 Q2,"61,570","12,389","12,359",30,"41,457","39,924","1,533",526,155,371,"1,913",983,44,886, [x] ,"5,285","3,084","1,754",381,66, [x] ,,,,,,,,,,,,,,,,,,,,,,,,,,,,,,,,,,,,,,,,,,,,,
2008 Q3,"61,596","12,643","12,611",32,"41,730","40,156","1,574",488,138,350,"1,897",978,44,875, [x] ,"4,838","3,032","1,489",244,73, [x] ,,,,,,,,,,,,,,,,,,,,,,,,,,,,,,,,,,,,,,,,,,,,,
2008 Q4,"67,940","12,875","12,841",34,"42,283","40,657","1,626",602,142,460,"1,881",972,37,872, [x] ,"10,299","4,242","5,454",465,138, [x] ,,,,,,,,,,,,,,,,,,,,,,,,,,,,,,,,,,,,,,,,,,,,,
2009 Q1,"68,460","13,049","13,015",34,"42,144","40,481","1,663",536,142,394,"1,927",984,45,898, [x] ,"10,804","4,304","6,020",372,108, [x] ,,,,,,,,,,,,,,,,,,,,,,,,,,,,,,,,,,,,,,,,,,,,,
2009 Q2,"62,695","13,197","13,161",36,"41,905","40,196","1,709",439,132,307,"2,016","1,025",39,952, [x] ,"5,138","3,019","1,837",209,73, [x] ,,,,,,,,,,,,,,,,,,,,,,,,,,,,,,,,,,,,,,,,,,,,,
2009 Q3,"61,987","13,303","13,266",37,"41,768","40,006","1,762",527,158,369,"2,014","1,020",39,955, [x] ,"4,375","2,865","1,263",179,68, [x] ,,,,,,,,,,,,,,,,,,,,,,,,,,,,,,,,,,,,,,,,,,,,,
2009 Q4,"66,167","13,426","13,388",38,"41,813","39,999","1,814",575,181,394,"2,003","1,008",46,949, [x] ,"8,350","3,679","4,173",401,97, [x] ,,,,,,,,,,,,,,,,,,,,,,,,,,,,,,,,,,,,,,,,,,,,,
2010 Q1,"68,644","13,643","13,604",39,"42,092","40,211","1,881",586,182,404,"1,992","1,003",38,951, [x] ,"10,331","3,942","5,739",534,116, [x] ,,,,,,,,,,,,,,,,,,,,,,,,,,,,,,,,,,,,,,,,,,,,,
2010 Q2,"64,196","13,978","13,937",41,"42,395","40,471","1,924",589,225,364,"2,062","1,052",40,970, [x] ,"5,172","2,882","1,985",239,66, [x] ,,,,,,,,,,,,,,,,,,,,,,,,,,,,,,,,,,,,,,,,,,,,,
2010 Q3,"63,649","14,355","14,314",41,"42,597","40,654","1,943",508,191,317,"2,044","1,043",35,966, [x] ,"4,145","2,769","1,106",203,67, [x] ,,,,,,,,,,,,,,,,,,,,,,,,,,,,,,,,,,,,,,,,,,,,,
2010 Q4,"69,781","14,617","14,576",41,"42,615","40,677","1,938",393,132,261,"2,039","1,032",37,970, [x] ,"10,117","3,804","5,611",601,101, [x] ,,,,,,,,,,,,,,,,,,,,,,,,,,,,,,,,,,,,,,,,,,,,,
2011 Q1,"69,839","14,782","14,741",41,"42,586","40,649","1,937",493,154,339,"2,047","1,026",33,988, [x] ,"9,931","3,875","5,430",535,91, [x] ,,,,,,,,,,,,,,,,,,,,,,,,,,,,,,,,,,,,,,,,,,,,,
2011 Q2,"65,583","15,007","14,967",40,"42,690","40,750","1,940",594,217,377,"2,103","1,058",34,"1,011", [x] ,"5,189","2,964","1,913",250,62, [x] ,,,,,,,,,,,,,,,,,,,,,,,,,,,,,,,,,,,,,,,,,,,,,
2011 Q3,"65,466","15,170","15,129",41,"42,804","40,853","1,951",555,191,364,"2,103","1,056",28,"1,019", [x] ,"4,834","2,944","1,504",314,72, [x] ,,,,,,,,,,,,,,,,,,,,,,,,,,,,,,,,,,,,,,,,,,,,,
2011 Q4,"70,495","15,435","15,394",41,"43,083","41,111","1,972",667,218,449,"2,104","1,060",25,"1,019", [x] ,"9,206","4,013","4,606",482,105, [x] ,,,,,,,,,,,,,,,,,,,,,,,,,,,,,,,,,,,,,,,,,,,,,
2012 Q1,"72,988","15,934","15,891",43,"43,598","41,573","2,025",588,176,412,"2,111","1,072",28,"1,011", [x] ,"10,757","4,264","5,924",491,78, [x] ,,,,,,,,,,,,,,,,,,,,,,,,,,,,,,,,,,,,,,,,,,,,,
2012 Q2,"70,036","16,354","16,310",44,"44,083","42,013","2,070",634,196,438,"2,210","1,119",28,"1,063", [x] ,"6,755","3,416","2,932",334,73, [x] ,,,,,,,,,,,,,,,,,,,,,,,,,,,,,,,,,,,,,,,,,,,,,
2012 Q3,"68,828","16,605","16,560",45,"44,501","42,391","2,110",589,182,407,"2,208","1,118",29,"1,061", [x] ,"4,925","3,179","1,394",286,66, [x] ,,,,,,,,,,,,,,,,,,,,,,,,,,,,,,,,,,,,,,,,,,,,,
2012 Q4,"75,051","16,790","16,743",47,"44,843","42,708","2,135",596,183,413,"2,200","1,110",32,"1,058", [x] ,"10,622","4,352","5,633",529,108, [x] ,,,,,,,,,,,,,,,,,,,,,,,,,,,,,,,,,,,,,,,,,,,,,
2013 Q1,"78,271","17,065","17,017",48,"45,185","43,005","2,180",649,192,457,"2,187","1,096",34,"1,057", [x] ,"13,185","4,771","7,636",681,97, [x] ,,,,,,,,,,,,,,,,,,,,,,,,,,,,,,,,,,,,,,,,,,,,,
2013 Q2,"72,964","17,451","17,402",49,"45,609","43,398","2,211",622,222,400,"2,264","1,116",33,"1,115", [x] ,"7,018","3,655","2,945",336,82, [x] ,,,,,,,,,,,,,,,,,,,,,,,,,,,,,,,,,,,,,,,,,,,,,
2013 Q3,"71,420","17,747","17,697",50,"45,998","43,766","2,232",666,197,469,"2,269","1,127",28,"1,114", [x] ,"4,740","3,326","1,142",191,81, [x] ,,,,,,,,,,,,,,,,,,,,,,,,,,,,,,,,,,,,,,,,,,,,,
2013 Q4,"77,293","17,958","17,908",50,"46,456","44,213","2,243",573,184,389,"2,288","1,150",23,"1,115", [x] ,"10,018","4,433","4,983",481,121, [x] ,,,,,,,,,,,,,,,,,,,,,,,,,,,,,,,,,,,,,,,,,,,,,
2014 Q1,"79,079","18,236","18,185",51,"46,803","44,528","2,275",619,188,431,"2,338","1,186",35,"1,117", [x] ,"11,083","4,469","6,062",461,91, [x] ,,,,,,,,,,,,,,,,,,,,,,,,,,,,,,,,,,,,,,,,,,,,,
2014 Q2,"74,846","18,533","18,482",51,"47,261","44,959","2,302",638,207,431,"2,366","1,227",38,"1,101", [x] ,"6,048","3,539","2,193",241,75, [x] ,,,,,,,,,,,,,,,,,,,,,,,,,,,,,,,,,,,,,,,,,,,,,
2014 Q3,"74,257","18,699","18,647",52,"47,736","45,408","2,328",646,188,458,"2,385","1,233",46,"1,106", [x] ,"4,791","3,355","1,115",249,72, [x] ,,,,,,,,,,,,,,,,,,,,,,,,,,,,,,,,,,,,,,,,,,,,,
2014 Q4,"79,384","18,830","18,777",53,"48,218","45,874","2,344",645,193,452,"2,389","1,227",49,"1,113", [x] ,"9,302","4,007","4,803",397,95, [x] ,,,,,,,,,,,,,,,,,,,,,,,,,,,,,,,,,,,,,,,,,,,,,
2015 Q1,"82,481","19,210","19,156",54,"48,514","46,123","2,391",703,224,479,"2,403","1,223",60,"1,120", [x] ,"11,651","4,570","6,585",384,112, [x] ,,,,,,,,,,,,,,,,,,,,,,,,,,,,,,,,,,,,,,,,,,,,,
2015 Q2,"78,004","19,545","19,490",55,"49,062","46,637","2,425",687,248,439,"2,351","1,190",46,"1,115", [x] ,"6,359","3,564","2,505",205,85, [x] ,,,,,,,,,,,,,,,,,,,,,,,,,,,,,,,,,,,,,,,,,,,,,
2015 Q3,"77,429","19,819","19,763",56,"49,619","47,167","2,452",650,237,413,"2,361","1,196",44,"1,121", [x] ,"4,980","3,378","1,350",165,87, [x] ,,,,,,,,,,,,,,,,,,,,,,,,,,,,,,,,,,,,,,,,,,,,,
2015 Q4,"81,665","20,040","19,984",56,"50,173","47,702","2,471",635,242,393,"2,389","1,226",44,"1,119", [x] ,"8,428","3,959","4,106",239,124, [x] ,,,,,,,,,,,,,,,,,,,,,,,,,,,,,,,,,,,,,,,,,,,,,
2016 Q1,"85,828","20,360","20,301",59,"51,145","48,611","2,534",687,254,433,"2,409","1,236",48,"1,125", [x] ,"11,227","4,605","6,264",242,116, [x] ,,,,,,,,,,,,,,,,,,,,,,,,,,,,,,,,,,,,,,,,,,,,,
2016 Q2,"81,896","20,464","20,403",61,"51,873","49,279","2,594",738,250,488,"2,453","1,258",54,"1,141", [x] ,"6,368","3,585","2,529",157,97, [x] ,,,,,,,,,,,,,,,,,,,,,,,,,,,,,,,,,,,,,,,,,,,,,
2016 Q3,"80,649","20,581","20,518",63,"52,272","49,628","2,644",763,254,509,"2,431","1,240",53,"1,138", [x] ,"4,602","3,372","1,008",138,84, [x] ,,,,,,,,,,,,,,,,,,,,,,,,,,,,,,,,,,,,,,,,,,,,,
2016 Q4,"85,838","20,580","20,515",65,"52,529","49,844","2,685",754,253,501,"2,382","1,204",48,"1,130", [x] ,"9,593","4,400","4,747",315,131, [x] ,,,,,,,,,,,,,,,,,,,,,,,,,,,,,,,,,,,,,,,,,,,,,
2017 Q1,"86,325","20,605","20,539",66,"52,336","49,658","2,678",740,276,464,"2,370","1,188",45,"1,137", [x] ,"10,274","4,436","5,344",366,128, [x] ,,,,,,,,,,,,,,,,,,,,,,,,,,,,,,,,,,,,,,,,,,,,,
2017 Q2,"82,146","20,683","20,616",67,"52,301","49,610","2,691",731,293,438,"2,425","1,210",56,"1,159", [x] ,"6,006","3,641","2,097",181,87, [x] ,,,,,,,,,,,,,,,,,,,,,,,,,,,,,,,,,,,,,,,,,,,,,
2017 Q3,"81,447","20,704","20,637",67,"52,554","49,843","2,711",771,285,486,"2,436","1,219",50,"1,167", [x] ,"4,982","3,518","1,215",159,90, [x] ,,,,,,,,,,,,,,,,,,,,,,,,,,,,,,,,,,,,,,,,,,,,,
2017 Q4,"86,677","20,750","20,683",67,"52,988","50,254","2,734",741,287,454,"2,443","1,228",52,"1,163", [x] ,"9,755","4,760","4,477",369,149, [x] ,,,,,,,,,,,,,,,,,,,,,,,,,,,,,,,,,,,,,,,,,,,,,
2018 Q1,"89,609","20,823","20,752",71,"53,438","50,644","2,794",729,261,468,"2,474","1,243",51,"1,180", [x] ,"12,145","5,083","6,409",499,154, [x] ,,,,,,,,,,,,,,,,,,,,,,,,,,,,,,,,,,,,,,,,,,,,,
2018 Q2,"84,364","20,979","20,907",72,"53,821","50,995","2,826",723,277,446,"2,547","1,276",59,"1,212", [x] ,"6,294","3,955","1,986",246,107, [x] ,,,,,,,,,,,,,,,,,,,,,,,,,,,,,,,,,,,,,,,,,,,,,
2018 Q3,"83,597","21,130","21,057",73,"54,172","51,316","2,856",744,302,442,"2,539","1,269",62,"1,208", [x] ,"5,012","3,695",972,205,140, [x] ,,,,,,,,,,,,,,,,,,,,,,,,,,,,,,,,,,,,,,,,,,,,,
2018 Q4,"89,224","21,273","21,200",73,"54,563","51,695","2,868",776,331,445,"2,505","1,252",55,"1,198", [x] ,"10,107","5,067","4,441",418,181, [x] ,,,,,,,,,,,,,,,,,,,,,,,,,,,,,,,,,,,,,,,,,,,,,
2019 Q1,"89,981","21,377","21,303",74,"54,796","51,924","2,872",724,296,428,"2,464","1,234",50,"1,180", [x] ,"10,620","5,151","4,867",453,149, [x] ,,,,,,,,,,,,,,,,,,,,,,,,,,,,,,,,,,,,,,,,,,,,,
2019 Q2,"86,821","21,462","21,388",74,"55,040","52,158","2,882",802,365,437,"2,523","1,264",49,"1,210", [x] ,"6,994","4,226","2,472",193,103, [x] ,,,,,,,,,,,,,,,,,,,,,,,,,,,,,,,,,,,,,,,,,,,,,
2019 Q3,"85,219","21,579","21,504",75,"55,287","52,393","2,894",812,359,453,"2,529","1,267",49,"1,213", [x] ,"5,012","3,766",946,198,102, [x] ,,,,,,,,,,,,,,,,,,,,,,,,,,,,,,,,,,,,,,,,,,,,,
2019 Q4,"90,189","21,586","21,511",75,"55,542","52,630","2,912",811,356,455,"2,577","1,278",63,"1,236", [x] ,"9,673","4,756","4,361",407,149, [x] ,,,,,,,,,,,,,,,,,,,,,,,,,,,,,,,,,,,,,,,,,,,,,
2020 Q1,"91,871","21,536","21,460",76,"55,840","52,905","2,935",876,394,482,"2,647","1,281",68,"1,298", [x] ,"10,972","5,278","5,208",374,112, [x] ,,,,,,,,,,,,,,,,,,,,,,,,,,,,,,,,,,,,,,,,,,,,,
2020 Q2,"87,881","21,619","21,541",78,"56,148","53,185","2,963",919,406,513,"2,660","1,277",84,"1,299", [x] ,"6,535","4,324","1,991",139,81, [x] ,,,,,,,,,,,,,,,,,,,,,,,,,,,,,,,,,,,,,,,,,,,,,
2020 Q3,"86,500","21,595","21,516",79,"56,463","53,467","2,996",897,449,448,"2,719","1,290",85,"1,344", [x] ,"4,826","3,705",954,83,84, [x] ,,,,,,,,,,,,,,,,,,,,,,,,,,,,,,,,,,,,,,,,,,,,,
2020 Q4,"91,459","21,655","21,574",81,"56,784","53,750","3,034",984,491,493,"2,700","1,293",55,"1,352", [x] ,"9,336","5,300","3,727",200,109, [x] ,,,,,,,,,,,,,,,,,,,,,,,,,,,,,,,,,,,,,,,,,,,,,
2021 Q1,"93,549","21,718","21,635",83,"57,210","54,153","3,057",926,451,475,"2,731","1,295",67,"1,369", [x] ,"10,964","5,681","4,807",291,185, [x] ,,,,,,,,,,,,,,,,,,,,,,,,,,,,,,,,,,,,,,,,,,,,,
2021 Q2,"90,455","21,766","21,681",85,"57,544","54,467","3,077",961,518,443,"2,753","1,323",68,"1,362", [x] ,"7,431","4,709","2,422",213,87, [x] ,,,,,,,,,,,,,,,,,,,,,,,,,,,,,,,,,,,,,,,,,,,,,
2021 Q3,"88,565","21,932","21,846",86,"58,011","54,908","3,103",976,457,519,"2,734","1,320",73,"1,341", [x] ,"4,912","3,865",811,146,90, [x] ,,,,,,,,,,,,,,,,,,,,,,,,,,,,,,,,,,,,,,,,,,,,,
2021 Q4,"94,957","22,072","21,984",88,"58,611","55,474","3,137",929,484,445,"2,723","1,323",69,"1,331", [x] ,"10,622","5,860","4,263",373,126, [x] ,,,,,,,,,,,,,,,,,,,,,,,,,,,,,,,,,,,,,,,,,,,,,
2022 Q1,"96,712","22,162","22,074",88,"59,220","56,047","3,173",895,383,512,"2,761","1,337",93,"1,331", [x] ,"11,674","5,951","5,149",438,136, [x] ,,,,,,,,,,,,,,,,,,,,,,,,,,,,,,,,,,,,,,,,,,,,,
2022 Q2,"95,884","22,351","22,262",89,"59,818","56,612","3,206",925,407,518,"2,903","1,421",91,"1,391", [x] ,"9,887","6,223","3,235",310,119, [x] ,,,,,,,,,,,,,,,,,,,,,,,,,,,,,,,,,,,,,,,,,,,,,
2022 Q3,"94,068","22,544","22,453",91,"60,531","57,286","3,245",922,371,551,"2,917","1,439",76,"1,402", [x] ,"7,154","5,479","1,401",156,118, [x] ,,,,,,,,,,,,,,,,,,,,,,,,,,,,,,,,,,,,,,,,,,,,,
2022 Q4,"106,926","22,731","22,639",92,"61,295","58,007","3,288",922,395,527,"2,953","1,453",92,"1,408", [x] ,"19,025","8,659","9,715",492,159, [x] ,,,,,,,,,,,,,,,,,,,,,,,,,,,,,,,,,,,,,,,,,,,,,
,,,,,,,,,,,,,,,,,,,,,,,,,,,,,,,,,,,,,,,,,,,,,,,,,,,,,,,,,,,,,,,,,,
,,,,,,,,,,,,,,,,,,,,,,,,,,,,,,,,,,,,,,,,,,,,,,,,,,,,,,,,,,,,,,,,,,
,,,,,,,,,,,,,,,,,,,,,,,,,,,,,,,,,,,,,,,,,,,,,,,,,,,,,,,,,,,,,,,,,,
,,,,,,,,,,,,,,,,,,,,,,,,,,,,,,,,,,,,,,,,,,,,,,,,,,,,,,,,,,,,,,,,,,
,,,,,,,,,,,,,,,,,,,,,,,,,,,,,,,,,,,,,,,,,,,,,,,,,,,,,,,,,,,,,,,,,,
,,,,,,,,,,,,,,,,,,,,,,,,,,,,,,,,,,,,,,,,,,,,,,,,,,,,,,,,,,,,,,,,,,
,,,,,,,,,,,,,,,,,,,,,,,,,,,,,,,,,,,,,,,,,,,,,,,,,,,,,,,,,,,,,,,,,,
,,,,,,,,,,,,,,,,,,,,,,,,,,,,,,,,,,,,,,,,,,,,,,,,,,,,,,,,,,,,,,,,,,
,,,,,,,,,,,,,,,,,,,,,,,,,,,,,,,,,,,,,,,,,,,,,,,,,,,,,,,,,,,,,,,,,,
,,,,,,,,,,,,,,,,,,,,,,,,,,,,,,,,,,,,,,,,,,,,,,,,,,,,,,,,,,,,,,,,,,
,,,,,,,,,,,,,,,,,,,,,,,,,,,,,,,,,,,,,,,,,,,,,,,,,,,,,,,,,,,,,,,,,,
,,,,,,,,,,,,,,,,,,,,,,,,,,,,,,,,,,,,,,,,,,,,,,,,,,,,,,,,,,,,,,,,,,
,,,,,,,,,,,,,,,,,,,,,,,,,,,,,,,,,,,,,,,,,,,,,,,,,,,,,,,,,,,,,,,,,,
,,,,,,,,,,,,,,,,,,,,,,,,,,,,,,,,,,,,,,,,,,,,,,,,,,,,,,,,,,,,,,,,,,
,,,,,,,,,,,,,,,,,,,,,,,,,,,,,,,,,,,,,,,,,,,,,,,,,,,,,,,,,,,,,,,,,,
,,,,,,,,,,,,,,,,,,,,,,,,,,,,,,,,,,,,,,,,,,,,,,,,,,,,,,,,,,,,,,,,,,
,,,,,,,,,,,,,,,,,,,,,,,,,,,,,,,,,,,,,,,,,,,,,,,,,,,,,,,,,,,,,,,,,,
,,,,,,,,,,,,,,,,,,,,,,,,,,,,,,,,,,,,,,,,,,,,,,,,,,,,,,,,,,,,,,,,,,
,,,,,,,,,,,,,,,,,,,,,,,,,,,,,,,,,,,,,,,,,,,,,,,,,,,,,,,,,,,,,,,,,,
,,,,,,,,,,,,,,,,,,,,,,,,,,,,,,,,,,,,,,,,,,,,,,,,,,,,,,,,,,,,,,,,,,
,,,,,,,,,,,,,,,,,,,,,,,,,,,,,,,,,,,,,,,,,,,,,,,,,,,,,,,,,,,,,,,,,,
,,,,,,,,,,,,,,,,,,,,,,,,,,,,,,,,,,,,,,,,,,,,,,,,,,,,,,,,,,,,,,,,,,
,,,,,,,,,,,,,,,,,,,,,,,,,,,,,,,,,,,,,,,,,,,,,,,,,,,,,,,,,,,,,,,,,,
,,,,,,,,,,,,,,,,,,,,,,,,,,,,,,,,,,,,,,,,,,,,,,,,,,,,,,,,,,,,,,,,,,
,,,,,,,,,,,,,,,,,,,,,,,,,,,,,,,,,,,,,,,,,,,,,,,,,,,,,,,,,,,,,,,,,,
,,,,,,,,,,,,,,,,,,,,,,,,,,,,,,,,,,,,,,,,,,,,,,,,,,,,,,,,,,,,,,,,,,
,,,,,,,,,,,,,,,,,,,,,,,,,,,,,,,,,,,,,,,,,,,,,,,,,,,,,,,,,,,,,,,,,,
,,,,,,,,,,,,,,,,,,,,,,,,,,,,,,,,,,,,,,,,,,,,,,,,,,,,,,,,,,,,,,,,,,
,,,,,,,,,,,,,,,,,,,,,,,,,,,,,,,,,,,,,,,,,,,,,,,,,,,,,,,,,,,,,,,,,,
,,,,,,,,,,,,,,,,,,,,,,,,,,,,,,,,,,,,,,,,,,,,,,,,,,,,,,,,,,,,,,,,,,
,,,,,,,,,,,,,,,,,,,,,,,,,,,,,,,,,,,,,,,,,,,,,,,,,,,,,,,,,,,,,,,,,,
,,,,,,,,,,,,,,,,,,,,,,,,,,,,,,,,,,,,,,,,,,,,,,,,,,,,,,,,,,,,,,,,,,
,,,,,,,,,,,,,,,,,,,,,,,,,,,,,,,,,,,,,,,,,,,,,,,,,,,,,,,,,,,,,,,,,,
,,,,,,,,,,,,,,,,,,,,,,,,,,,,,,,,,,,,,,,,,,,,,,,,,,,,,,,,,,,,,,,,,,
,,,,,,,,,,,,,,,,,,,,,,,,,,,,,,,,,,,,,,,,,,,,,,,,,,,,,,,,,,,,,,,,,,
,,,,,,,,,,,,,,,,,,,,,,,,,,,,,,,,,,,,,,,,,,,,,,,,,,,,,,,,,,,,,,,,,,